<?xml version="1.0" encoding="UTF-8"?>
<rss version="2.0" xmlns:ror="http://rorweb.com/0.1/" >
<channel>
  <title>ROR Sitemap for http://article-spinner.online/</title>
  <link>http://article-spinner.online/</link>

<item>
     <link>http://article-spinner.online/spinbot/</link>
     <title>FREE Unique Article Creator Online</title>
     <description>SEO Optimized Article Spinner. This is a spinbot
				, that search the web search engines based on input keywords and generate unique articles
				.Has extened synonim replacement database.This rewriter tool can extract articles from any url and html sources.</description>
     <ror:updatePeriod></ror:updatePeriod>
     <ror:sortOrder>0</ror:sortOrder>
     <ror:resourceOf>sitemap</ror:resourceOf>
</item>
<item>
     <link>http://article-spinner.online/spinbot/html/news.php</link>
     <title>FREE Unique Article Creator Online</title>
     <description>SEO Optimized Article Spinner. This is a spinbot
				, that search the web search engines based on input keywords and generate unique articles
				.Has extened synonim replacement database.This rewriter tool can extract articles from any url and html sources.</description>
     <ror:updatePeriod></ror:updatePeriod>
     <ror:sortOrder>1</ror:sortOrder>
     <ror:resourceOf>sitemap</ror:resourceOf>
</item>
<item>
     <link>http://article-spinner.online/spinbot/html/contactUs.php</link>
     <title>FREE Unique Article Creator Online</title>
     <description>SEO Optimized Article Spinner. This is a spinbot
				, that search the web search engines based on input keywords and generate unique articles
				.Has extened synonim replacement database.This rewriter tool can extract articles from any url and html sources.</description>
     <ror:updatePeriod></ror:updatePeriod>
     <ror:sortOrder>1</ror:sortOrder>
     <ror:resourceOf>sitemap</ror:resourceOf>
</item>
<item>
     <link>http://article-spinner.online/spinbot/html/about.php</link>
     <title>FREE Unique Article Creator Online</title>
     <description>SEO Optimized Article Spinner. This is a spinbot
				, that search the web search engines based on input keywords and generate unique articles
				.Has extened synonim replacement database.This rewriter tool can extract articles from any url and html sources.</description>
     <ror:updatePeriod></ror:updatePeriod>
     <ror:sortOrder>1</ror:sortOrder>
     <ror:resourceOf>sitemap</ror:resourceOf>
</item>
</channel>
</rss>
  